,input_chunk_length,num_layers,num_filters,n_epochs,dropout,rmse_score,mae_score
0,93,10,81,6,0.059204361645892795,721.7233948405501,486.7966210598965
1,287,8,35,9,0.009904380396245112,668.112165198283,455.5118960742195
2,139,6,153,6,0.14255536175485534,751.9787692080781,505.88201458975925
3,351,7,27,16,0.32756298613701906,726.5497518800745,490.3020876257741
4,207,9,213,16,0.40473227609458834,748.8076583178739,500.35066040971736
