,input_chunk_length,num_layers,num_filters,n_epochs,dropout,rmse_score,mae_score
0,90,7,201,14,0.25935042093499566,4064.198007825317,3047.5398395871457
1,77,9,122,19,0.3162325939083979,547.7860683684332,367.74103703211034
2,99,5,203,16,0.3426817081272836,575.8939723070778,384.86993506383084
3,78,8,127,19,0.3060300408985376,565.9542415833131,378.60608307034823
