,input_chunk_length,num_layers,num_filters,n_epochs,dropout,rmse_score
0,50,2,157,20,0.34696193284701016,601.3749137626735
1,29,4,119,14,0.31463813382889044,605.3168202318361
